,City,Country,Date,Latitude,Longitude,Temperature,Humidity,Wind speed,Cloudliness
0,Wageningen,SR,1513783853,5.77,-56.68,81.39,95,14.23,20
1,Westport,NZ,1513783853,-41.75,171.6,48.04,100,1.48,0
2,Puerto Escondido,CO,1513782000,9.02,-76.26,84.2,70,4.94,40
3,Chalmette,US,1513783080,29.94,-89.96,73.4,94,19.46,90
4,Imbituba,BR,1513782000,-28.24,-48.67,78.8,83,4.7,75
5,North Bend,US,1513781760,43.41,-124.22,39.2,93,12.75,75
6,Sao Filipe,CV,1513783285,14.9,-24.5,75.4,93,10.98,24
7,Derzhavinsk,KZ,1513783855,51.1,66.32,-12.26,58,3.04,0
8,Leua,AO,1513783855,-11.65,20.45,73.02,79,6.17,68
9,Richards Bay,ZA,1513783843,-28.78,32.04,75.76,72,5.73,20
10,Tchamba,TG,1513783856,9.03,1.42,85.39,81,4.16,8
11,Grindavik,IS,1513780440,63.84,-22.43,33.8,74,28.86,40
12,Vostok,RU,1513783261,46.49,135.88,-11.45,53,4.94,0
13,Puerto Ayora,EC,1513782000,-0.74,-90.35,77.0,69,11.41,90
14,Dolgoprudnyy,RU,1513782000,55.9,37.56,33.8,93,2.24,90
15,Mizan Teferi,ET,1513783857,6.98,35.58,77.29,37,1.48,0
16,Sao Joao da Barra,BR,1513782000,-21.64,-41.05,86.0,55,18.34,20
17,Guerrero Negro,MX,1513783303,27.98,-114.06,45.75,95,2.71,0
18,San Roque,CO,1513782000,6.49,-75.02,73.4,93,4.7,40
19,Bowen,AU,1513778400,-20.02,148.23,71.6,94,3.36,40
20,Kartaly,RU,1513783859,53.05,60.65,-8.62,48,4.16,0
21,Ambilobe,MG,1513783859,-13.2,49.05,76.53,99,1.7,68
22,Am Timan,TD,1513783860,11.03,20.28,98.67,15,6.4,0
23,Porohy,UA,1513783020,48.69,24.26,28.4,100,11.18,75
24,Alexandria,EG,1513778400,31.22,29.96,68.0,77,12.75,75
25,Forbes,AU,1513783861,-33.38,148.02,64.69,57,7.07,0
26,Ribeira Grande,PT,1513782000,38.52,-28.7,68.0,82,13.87,40
27,Kovdor,RU,1513783861,67.57,30.48,30.45,94,6.51,44
28,Placerville,US,1513782000,38.73,-120.8,42.8,100,5.82,90
29,Bilma,NE,1513783846,18.69,12.92,84.67,33,7.07,0
30,Bambous Virieux,MU,1513782000,-20.34,57.76,80.6,69,5.82,40
31,Qaanaaq,GL,1513783843,77.48,-69.36,-5.83,96,4.16,48
32,Vodnyy,RU,1513783863,63.5,53.41,22.57,83,7.29,88
33,Avarua,CK,1513782000,-21.21,-159.78,78.8,94,3.36,75
34,High Prairie,CA,1513783863,55.43,-116.49,4.17,74,3.6,0
35,Beringovskiy,RU,1513783341,63.05,179.32,7.5,100,3.04,0
36,Tazovskiy,RU,1513783319,67.47,78.7,7.59,84,3.04,68
37,Asyut,EG,1513778400,27.18,31.18,77.0,44,13.87,0
38,Arlit,NE,1513783864,18.74,7.39,85.44,26,6.4,0
39,Ancud,CL,1513783864,-41.87,-73.82,58.98,74,9.64,8
40,Aklavik,CA,1513782420,68.22,-135.01,14.0,84,22.06,75
41,Montepuez,MZ,1513783865,-13.13,39.0,85.12,54,4.61,0
42,Misratah,LY,1513783865,32.38,15.09,60.19,100,4.05,92
43,Galle,LK,1513783601,6.04,80.22,73.69,100,3.71,88
44,Saldanha,ZA,1513778400,-33.01,17.94,89.6,42,17.22,0
45,Ucluelet,CA,1513782000,48.93,-125.55,28.4,92,2.59,5
46,Garsten,AT,1513781400,48.0,14.4,33.8,86,5.82,75
47,Chunhuhub,MX,1513783854,19.55,-88.68,75.54,86,2.93,0
48,Porto Murtinho,BR,1513783867,-21.7,-57.88,93.76,56,11.77,32
49,Yarada,IN,1513783867,17.65,83.27,77.79,100,16.02,0
50,Boddam,GB,1513783200,57.47,-1.78,42.8,87,4.7,12
51,Lerwick,GB,1513783200,60.15,-1.15,48.2,87,20.8,20
52,Leningradskiy,RU,1513783343,69.38,178.42,10.6,100,19.71,80
53,Utete,TZ,1513783868,-7.99,38.76,83.82,61,5.5,0
54,Adrar,DZ,1513782000,27.87,-0.29,59.0,28,17.22,20
55,Torbay,CA,1513782000,47.67,-52.73,39.2,93,16.11,90
56,Tocopilla,CL,1513783286,-22.09,-70.2,66.63,82,5.17,8
57,Banda Aceh,ID,1513783868,5.56,95.32,73.06,100,3.83,68
58,Pangkalanbuun,ID,1513783869,-2.68,111.62,76.75,85,4.27,76
59,Berdigestyakh,RU,1513783869,62.1,126.7,-32.11,53,4.61,68
60,Wuan,CN,1513783870,31.68,112.0,29.5,66,5.28,0
61,Svetlogorsk,RU,1513782000,54.94,20.15,33.8,100,4.47,75
62,Pemangkat,ID,1513783870,1.17,108.97,78.6,86,5.73,92
63,Genhe,CN,1513783871,50.78,121.52,-2.9,66,7.63,68
64,Evensk,RU,1513783871,61.95,159.23,-4.03,100,6.4,76
65,Hasaki,JP,1513782000,35.73,140.83,35.6,74,5.82,20
66,Churapcha,RU,1513783872,62.0,132.43,-47.5,0,2.71,32
67,Bubaque,GW,1513782000,11.28,-15.83,87.8,29,11.41,8
68,Bathsheba,BB,1513782000,13.22,-59.52,82.4,74,20.8,20
69,Valparaiso,CL,1513782000,-33.04,-71.63,62.6,77,11.41,75
70,Meulaboh,ID,1513783873,4.14,96.13,77.97,100,3.83,36
71,Kiama,AU,1513782000,-34.68,150.87,66.2,93,14.99,75
72,Hithadhoo,MV,1513783352,-0.6,73.08,83.1,100,5.17,24
73,Roma,AU,1513783874,-26.58,148.78,82.15,42,10.98,44
74,Vao,NC,1513783874,-22.67,167.48,75.18,100,13.56,92
75,Yerbogachen,RU,1513783809,61.28,108.01,14.29,70,9.64,68
76,Dalvik,IS,1513782000,65.97,-18.53,37.4,59,17.22,75
77,Ostrovnoy,RU,1513783290,68.05,39.51,31.08,94,14.9,80
78,Jabinyanah,TN,1513782000,35.03,10.91,51.8,87,14.99,75
79,Pisco,PE,1513782000,-13.7,-76.22,66.2,93,8.05,0
80,Carnarvon,AU,1513783876,-24.87,113.63,78.33,80,19.48,0
81,Katherine,AU,1513782000,-14.47,132.27,78.8,78,6.93,80
82,Toba,JP,1513782000,34.48,136.85,46.4,61,16.11,40
83,Vila Franca do Campo,PT,1513782000,37.72,-25.43,66.2,68,14.99,20
84,Cayenne,GF,1513782000,4.93,-52.33,80.6,88,11.41,92
85,Yelahanka,IN,1513782000,13.11,77.6,71.6,77,4.7,20
86,Udachnyy,RU,1513783878,66.42,112.4,-20.45,84,2.48,64
87,Rantoul,US,1513782900,40.31,-88.16,37.4,59,13.87,90
88,Husavik,IS,1513782000,66.04,-17.34,37.4,59,17.22,75
89,Lokosovo,RU,1513783879,61.13,74.82,14.56,90,3.15,68
90,Le Vauclin,MQ,1513782000,14.55,-60.84,80.6,78,9.17,75
91,Okha,RU,1513783879,53.57,142.95,-14.78,88,9.64,0
92,Boundiali,CI,1513783880,9.52,-6.49,85.21,47,6.96,8
93,Cody,US,1513781760,44.53,-109.06,35.6,55,3.36,1
94,Jamestown,SH,1513783298,-15.94,-5.72,69.1,100,14.23,0
95,Kiunga,PG,1513783880,-6.12,141.29,75.54,94,2.15,12
96,Oranjestad,AW,1513782000,12.52,-70.03,86.0,70,18.34,20
97,Brasileia,BR,1513782000,-11.02,-68.75,78.8,88,9.17,75
98,Tuktoyaktuk,CA,1513782000,69.45,-133.04,3.2,84,6.93,90
99,Byron Bay,AU,1513782000,-28.65,153.62,73.4,88,13.87,75
100,Otaru,JP,1513783885,43.19,141.0,26.44,100,14.45,56
101,Yerofey Pavlovich,RU,1513783885,53.97,121.97,-15.37,63,4.83,0
102,Qianan,CN,1513783885,44.99,124.06,13.21,71,16.24,0
103,Taree,AU,1513782000,-31.9,152.47,69.8,88,6.93,90
104,Virginia Beach,US,1513783200,36.85,-75.98,59.0,58,6.93,90
105,Nyzhni Sirohozy,UA,1513783886,46.85,34.38,28.02,86,5.39,0
106,Dongsheng,CN,1513783887,39.82,109.98,5.74,71,3.94,0
107,Puerto Maldonado,PE,1513782000,-12.6,-69.18,78.8,88,5.82,90
108,Lagoa,PT,1513783819,39.05,-27.98,67.21,95,22.06,92
109,Sinnamary,GF,1513783849,5.38,-52.95,78.19,100,9.98,80
110,Havoysund,NO,1513781400,71.0,24.66,39.2,100,29.97,40
111,Yichang,CN,1513783888,30.71,111.28,26.04,81,1.92,0
112,Gizo,SB,1513783888,-8.1,156.84,80.71,100,9.64,56
113,Chandler,CA,1513782000,48.35,-64.68,24.8,68,10.29,75
114,San Antero,CO,1513782000,9.37,-75.76,84.2,70,4.5,40
115,Fort Nelson,CA,1513782000,58.81,-122.7,-2.21,77,5.82,75
116,Shahrud,IR,1513783890,36.42,54.98,29.77,77,2.48,8
117,Yar-Sale,RU,1513783890,66.83,70.83,15.6,97,7.74,64
118,Nata,BW,1513783890,-20.22,26.18,86.74,53,9.19,44
119,Salalah,OM,1513777800,17.02,54.09,80.6,28,17.22,0
120,Kaduna,NG,1513783891,10.52,7.44,92.55,34,4.72,8
121,Saskylakh,RU,1513783841,71.92,114.08,-33.91,61,3.04,8
122,Mana,GF,1513783891,5.66,-53.78,78.87,87,4.61,92
123,Duobao,CN,1513783892,30.67,112.69,30.04,74,2.26,0
124,Kirakira,SB,1513783317,-10.45,161.92,80.85,100,11.65,64
125,Hay River,CA,1513782000,60.82,-115.8,-7.61,76,5.82,20
126,Chara,RU,1513783328,56.91,118.26,-3.98,55,3.6,32
127,Waipawa,NZ,1513782000,-41.41,175.52,55.4,76,4.7,0
128,San Patricio,MX,1513777440,19.22,-104.7,73.4,88,3.49,20
129,Eenhana,NA,1513783893,-17.47,16.33,77.02,95,5.17,56
130,Mantua,CU,1513783894,22.29,-84.28,78.87,77,6.73,0
131,Marsh Harbour,BS,1513783691,26.54,-77.06,73.24,100,5.61,92
132,Bontang,ID,1513783894,0.13,117.5,80.85,100,8.08,20
133,Besikduzu,TR,1513781400,41.05,39.23,51.8,93,9.17,75
134,Aripuana,BR,1513783895,-9.17,-60.63,85.98,72,3.04,0
135,Kapaa,US,1513778160,22.08,-159.32,66.2,93,10.29,1
136,Ballina,AU,1513783873,-28.87,153.57,77.52,92,13.89,64
137,Xam Nua,LA,1513783896,20.42,104.04,43.77,57,4.72,0
138,Darhan,MN,1513783314,49.49,105.92,9.75,56,4.16,44
139,Baruun-Urt,MN,1513783896,46.68,113.28,7.0,70,12.88,0
140,Gunnedah,AU,1513782000,-30.98,150.25,75.2,64,13.87,75
141,Lebu,CL,1513783712,-37.62,-73.65,57.63,90,7.96,68
142,Khanpur,PK,1513783897,28.65,70.66,60.01,92,4.94,0
143,San Carlos de Bariloche,AR,1513783080,-41.15,-71.31,55.4,87,29.97,75
144,Kabelvag,NO,1513781400,68.21,14.48,42.8,80,9.17,40
145,Palmer,US,1513781760,42.16,-72.33,42.8,44,17.22,75
146,Rome,US,1513782540,34.26,-85.16,60.8,100,5.82,90
147,Rawah,IQ,1513783899,34.48,41.91,65.55,51,14.67,92
148,Solnechnyy,RU,1513783759,50.72,136.63,-19.46,55,4.38,56
149,Jaggayyapeta,IN,1513783899,16.9,80.1,66.54,67,4.94,0
150,Sisimiut,GL,1513783900,66.94,-53.67,13.98,99,5.84,68
151,Sibu,MY,1513778400,2.3,111.82,77.0,88,2.24,75
152,Kihei,US,1513782720,20.79,-156.47,69.8,100,13.87,90
153,Siilinjarvi,FI,1513783200,63.08,27.67,32.0,94,12.75,90
154,Leh,IN,1513783902,34.17,77.58,0.93,80,1.03,80
155,Pacific Grove,US,1513782120,36.62,-121.92,48.2,100,14.99,90
156,Cidreira,BR,1513783902,-30.18,-50.21,79.59,83,11.21,92
157,Pinar del Rio,CU,1513783903,22.42,-83.7,78.87,77,6.73,0
158,Koungou,YT,1513782000,-12.73,45.2,84.2,74,5.82,20
159,Massakory,TD,1513783904,13.0,15.73,96.69,20,5.5,0
160,Kon Tum,VN,1513783904,14.35,108.0,61.05,69,10.42,0
161,Priargunsk,RU,1513783905,50.37,119.1,-1.55,54,7.52,0
162,Baykit,RU,1513783905,61.67,96.37,10.47,76,9.64,76
163,Comodoro Rivadavia,AR,1513782000,-45.87,-67.5,73.4,43,24.16,40
164,Atar,MR,1513782000,20.52,-13.05,73.4,16,13.87,0
165,Klimovsk,RU,1513782000,55.36,37.52,33.8,99,2.24,90
166,Manaure,CO,1513778400,11.78,-72.44,80.6,83,10.29,75
167,Karratha,AU,1513783846,-20.74,116.85,76.57,67,6.06,0
168,Sibolga,ID,1513783241,1.74,98.78,69.19,100,1.59,68
169,Ewa Beach,US,1513781760,21.32,-158.01,69.8,73,10.29,1
170,Zhigansk,RU,1513783315,66.77,123.37,-28.96,46,3.04,76
171,Fortuna,US,1513781700,40.6,-124.16,42.8,23,3.36,90
172,Mogadishu,SO,1513783907,2.04,45.34,80.4,96,21.16,0
173,Turbat,PK,1513783908,26.0,63.04,69.91,38,13.11,0
174,Buala,SB,1513783908,-8.14,159.59,79.36,100,9.31,80
175,Bulgan,MN,1513783909,48.81,103.53,6.6,48,7.18,0
176,Sur,OM,1513783909,22.57,59.53,70.95,100,15.01,0
177,Cherskiy,RU,1513783845,68.75,161.3,-4.43,78,8.75,68
178,Los Llanos de Aridane,ES,1513782000,28.66,-17.92,69.8,60,5.82,40
179,Petropavlovsk-Kamchatskiy,RU,1513782000,53.05,158.65,1.4,77,8.95,0
180,Hambantota,LK,1513783326,6.12,81.12,76.53,100,7.96,88
181,Collie,AU,1513783910,-33.37,116.15,63.34,48,9.08,0
182,Clyde River,CA,1513782000,70.47,-68.59,-13.01,83,9.17,90
183,Santa Cruz,CR,1513782000,10.26,-85.59,86.0,58,21.92,0
184,Albany,AU,1513783911,-35.02,117.89,56.77,83,7.96,0
185,Maltahohe,NA,1513783912,-24.83,16.98,83.28,33,7.18,88
186,Poronaysk,RU,1513783912,49.22,143.12,8.89,100,14.0,44
187,Nelson Bay,AU,1513782000,-32.72,152.15,69.8,94,5.82,40
188,Laguna de Perlas,NI,1513782000,12.34,-83.67,80.6,94,4.7,75
189,Luwuk,ID,1513783346,-0.95,122.79,78.91,100,3.38,88
190,Prainha,BR,1513783913,-1.8,-53.48,86.56,65,5.17,36
191,Kupang,ID,1513780200,-10.17,123.58,77.0,94,3.83,40
192,Hajiganj,BD,1513783914,23.25,90.86,61.95,90,2.15,0
193,Honiara,SB,1513782000,-9.43,159.95,75.2,94,3.36,40
194,Pangnirtung,CA,1513782000,66.15,-65.71,-0.41,64,3.36,90
195,Punta Arenas,CL,1513782000,-53.15,-70.92,50.0,53,47.2,20
196,La Crosse,US,1513782900,43.8,-91.24,24.8,53,4.7,90
197,Glendora,US,1513782600,34.14,-117.87,51.8,87,1.59,20
198,Bahsuma,IN,1513783916,29.22,77.97,55.42,88,3.38,88
199,Alta Floresta,BR,1513782000,-9.88,-56.09,87.8,62,2.24,0
200,Peleduy,RU,1513783917,59.63,112.74,11.95,65,8.63,64
201,Tuljapur,IN,1513783917,18.0,76.08,64.96,41,9.19,0
202,Alice Springs,AU,1513782000,-23.7,133.88,80.6,28,8.05,8
203,Palpa,PE,1513783918,-14.53,-75.19,68.7,53,2.93,0
204,Kita,ML,1513783918,13.03,-9.49,85.21,31,9.86,8
205,Chicama,PE,1513783919,-7.84,-79.15,69.82,90,3.04,56
206,Ust-Kuyga,RU,1513783919,70.02,135.6,-48.53,0,3.94,0
207,Bethel,US,1513781760,41.37,-73.41,44.6,44,9.17,90
208,Kavieng,PG,1513783920,-2.57,150.8,84.54,100,8.86,68
209,Puerto Baquerizo Moreno,EC,1513782000,-0.9,-89.6,71.6,88,9.17,90
210,Dauphin,CA,1513782000,51.15,-100.05,-7.61,83,3.36,1
211,Xining,CN,1513783717,36.62,101.77,1.38,52,2.71,0
212,Kilindoni,TZ,1513783921,-7.91,39.67,84.31,96,11.88,0
213,Taltal,CL,1513783832,-25.4,-70.48,71.4,61,3.94,0
214,Koslan,RU,1513783921,63.46,48.9,24.42,80,9.19,92
215,Narsaq,GL,1513781400,60.92,-46.05,15.8,61,6.93,20
216,Dikson,RU,1513783692,73.51,80.55,0.12,100,5.84,36
217,Sao Sebastiao,BR,1513783922,-23.76,-45.41,76.35,100,6.62,56
218,Taman,ID,1513783922,-8.02,113.22,74.5,100,2.04,92
219,Zyryanka,RU,1513783731,65.75,150.85,-31.3,52,3.6,36
220,Faanui,PF,1513783861,-16.48,-151.75,81.7,100,7.96,56
221,Fenyi,CN,1513783923,27.81,114.67,25.99,85,2.48,0
222,Pangody,RU,1513783923,65.85,74.49,14.52,90,6.17,68
223,Walvis Bay,NA,1513778400,-22.96,14.51,69.8,60,10.29,24
224,Parati,BR,1513783924,-23.22,-44.71,77.92,87,5.5,8
225,Hualmay,PE,1513783701,-11.1,-77.61,70.95,76,4.05,20
226,Camacha,PT,1513782000,33.08,-16.33,68.0,59,16.11,20
227,Taoudenni,ML,1513783915,22.68,-3.98,65.82,23,18.14,0
228,Navahrudak,BY,1513783925,53.6,25.83,29.19,90,8.63,80
229,Amguri,IN,1513783925,26.8,94.53,56.59,86,2.15,12
230,Sirjan,IR,1513783925,29.45,55.68,39.94,68,5.17,0
231,Augustow,PL,1513783926,53.84,22.98,26.17,88,6.73,56
232,Stornoway,GB,1513783200,58.21,-6.39,46.4,87,12.75,20
233,Chokwe,MZ,1513783353,-24.53,32.98,80.13,70,14.67,92
234,Mitchell,US,1513781580,43.71,-98.03,28.4,58,16.11,1
235,Bordighera,IT,1513782000,43.78,7.66,51.8,61,5.82,75
236,Tiarei,PF,1513782000,-17.53,-149.33,77.0,83,2.24,80
237,Nauchnyy Gorodok,RU,1513782000,53.42,83.52,1.4,84,3.15,24
238,Chimbote,PE,1513783928,-9.09,-78.58,68.07,87,2.71,64
239,Lardos,GR,1513781400,36.09,28.02,57.2,50,11.41,0
240,Ust-Ilimsk,RU,1513783673,58.0,102.66,12.4,71,6.62,76
241,San Policarpo,PH,1513783904,12.18,125.51,77.2,100,6.4,92
242,Ukiah,US,1513781760,39.15,-123.21,37.4,86,5.39,40
243,Anakapalle,IN,1513783929,17.68,83.02,72.34,90,11.77,0
244,Tiksi,RU,1513783820,71.69,128.87,-29.9,48,2.82,36
245,Ambon,ID,1513783930,-3.7,128.18,82.96,100,7.63,92
246,Vieste,IT,1513778100,41.88,16.18,42.8,87,11.41,40
247,Morondava,MG,1513783930,-20.28,44.28,87.69,73,10.2,20
248,Assiniboia,CA,1513783931,49.63,-105.98,11.95,81,11.88,80
249,Rindal,NO,1513783931,63.06,9.21,31.98,99,1.92,76
250,Maxixe,MZ,1513783932,-23.86,35.35,76.98,94,16.24,92
251,Prince Rupert,CA,1513782000,54.32,-130.32,28.4,92,3.36,90
252,Coihaique,CL,1513782000,-45.58,-72.07,55.4,43,16.11,40
253,Boyarka,UA,1513782000,50.32,30.3,28.4,79,2.24,90
254,Rikitea,PF,1513783816,-23.12,-134.97,77.11,100,11.65,92
255,Rabo de Peixe,PT,1513782000,37.8,-25.58,66.2,68,14.99,20
256,Geraldton,AU,1513780200,-28.77,114.6,69.8,73,12.75,0
257,Barwadih,IN,1513783933,23.83,84.12,55.38,86,5.06,8
258,Tabou,CI,1513783934,4.42,-7.35,80.22,100,11.32,32
259,Thinadhoo,MV,1513783934,0.53,72.93,83.5,100,5.95,76
260,Berlevag,NO,1513781400,70.86,29.09,37.4,64,27.51,20
261,Lima,PE,1513783649,-12.04,-77.03,69.15,68,2.71,0
262,San Quintin,MX,1513783935,30.48,-115.95,37.15,100,3.94,0
263,Kikwit,CD,1513783936,-5.04,18.82,85.98,66,4.83,32
264,Maddur,IN,1513783936,12.6,77.07,70.59,49,9.19,24
265,Kailua,US,1513781760,21.4,-157.74,69.8,73,11.41,75
266,Kahului,US,1513782720,20.89,-156.47,69.8,100,13.87,90
267,Tasiilaq,GL,1513781400,65.61,-37.64,21.2,67,5.82,5
268,Brae,GB,1513781400,60.4,-1.35,48.2,87,18.34,20
269,Bonthe,SL,1513783937,7.53,-12.51,81.97,90,3.83,24
270,Tongling,CN,1513783938,30.93,117.82,27.75,91,2.71,0
271,Lulea,SE,1513781400,65.58,22.15,35.6,93,2.24,0
272,Varzob,TJ,1513782000,38.77,68.82,53.6,86,6.71,75
273,Batemans Bay,AU,1513783939,-35.72,150.18,65.19,89,6.96,0
274,Lincoln,AR,1513783939,-34.87,-61.53,78.69,65,12.88,0
275,Saint-Philippe,RE,1513782000,-21.36,55.77,80.6,61,3.36,75
276,Santa Ana,PE,1513783940,-12.87,-72.72,68.11,86,1.59,44
277,Mariental,NA,1513778400,-24.63,17.97,100.4,21,5.82,80
278,Surgut,RU,1513782000,61.25,73.42,17.6,92,4.47,76
279,Lompoc,US,1513782240,34.64,-120.46,53.6,81,3.83,90
280,Vite,IN,1513783941,17.28,74.55,61.77,61,6.29,0
281,Nalut,LY,1513783941,31.87,10.98,46.83,100,16.24,92
282,Tuatapere,NZ,1513783942,-46.13,167.68,62.17,87,8.97,88
283,Chuy,UY,1513783837,-33.7,-53.46,74.28,85,15.23,44
284,Hofn,IS,1513782000,64.25,-15.21,33.8,69,8.05,20
285,Kisaran,ID,1513783943,2.98,99.62,79.09,81,5.17,64
286,Souillac,MU,1513782000,-20.52,57.52,80.6,69,5.82,40
287,Visnes,NO,1513783200,59.36,5.22,46.4,93,12.75,90
288,Bredasdorp,ZA,1513782000,-34.53,20.04,75.2,53,14.99,0
289,Wajima,JP,1513783944,37.4,136.9,44.62,98,7.52,88
290,Isangel,VU,1513783944,-19.55,169.27,77.34,100,16.46,32
291,Vanavara,RU,1513783945,60.34,102.28,12.63,70,8.63,68
292,Lake Jackson,US,1513781700,29.03,-95.43,66.2,82,4.7,1
293,Puerto Colombia,CO,1513782000,10.99,-74.95,86.0,66,12.75,20
294,Netivot,IL,1513783831,31.42,34.59,62.67,66,1.36,88
295,Norman Wells,CA,1513782000,65.28,-126.83,5.0,84,3.36,90
296,Sitka,US,1513782000,57.05,-135.33,35.6,100,8.05,90
297,Esperance,AU,1513783946,-33.87,121.9,58.53,79,9.42,0
298,Lekoni,GA,1513783947,-1.58,14.26,78.6,96,4.61,48
299,Santa Maria,CV,1513782000,16.6,-22.9,80.6,51,23.04,40
300,Mega,ET,1513783947,4.05,38.3,77.79,20,7.85,0
301,Sao Gabriel da Cachoeira,BR,1513782000,-0.13,-67.09,82.4,78,4.7,40
302,Pombal,BR,1513783948,-6.77,-37.8,91.65,39,7.63,68
303,Chingola,ZM,1513783948,-12.53,27.88,68.2,95,6.51,92
304,La Ronge,CA,1513782000,55.1,-105.28,-13.01,69,5.82,90
305,Mahebourg,MU,1513782000,-20.41,57.7,80.6,69,5.82,40
306,Wanning,CN,1513783949,18.8,110.4,66.99,100,27.98,56
307,Naliya,IN,1513783950,23.27,68.83,71.44,37,10.42,92
308,Lavrentiya,RU,1513783950,65.58,-171.0,30.09,94,25.75,20
309,Gedo,ET,1513783951,9.02,37.45,69.6,36,2.71,0
310,Ponnani,IN,1513782000,10.77,75.93,80.6,69,3.36,20
311,Harboore,DK,1513783320,56.62,8.18,46.4,100,9.17,90
312,Xuddur,SO,1513783913,4.12,43.89,81.34,28,11.88,0
313,Pitimbu,BR,1513782000,-7.47,-34.81,86.0,58,17.22,75
314,Bilibino,RU,1513783843,68.05,166.44,-18.52,75,2.37,48
315,Longyearbyen,SJ,1513781400,78.22,15.64,33.8,86,19.46,90
316,Te Anau,NZ,1513783952,-45.42,167.72,54.07,76,5.5,92
317,Nuuk,GL,1513781400,64.18,-51.72,21.2,67,12.75,75
318,Haines Junction,CA,1513783886,60.75,-137.51,-5.51,74,2.82,12
319,Plettenberg Bay,ZA,1513783953,-34.05,23.37,65.64,91,11.99,0
320,Khuzhir,RU,1513783953,53.19,107.34,15.87,100,5.95,36
321,Pho Thong,TH,1513783954,14.67,100.41,70.14,35,12.77,80
322,Acarau,BR,1513783954,-2.89,-40.12,83.82,70,13.78,92
323,Nueva Imperial,CL,1513783954,-38.73,-72.95,60.78,89,7.07,100
324,Sabya,SA,1513782000,17.15,42.63,80.6,69,9.17,20
325,Igrim,RU,1513783955,63.19,64.42,5.88,75,2.71,0
326,Mandalgovi,MN,1513783955,45.76,106.27,8.17,63,10.42,0
327,Poltavka,RU,1513783956,54.37,71.76,-12.94,61,5.39,36
328,Kaka,TM,1513783908,37.35,59.61,32.25,83,1.36,0
329,Bengkulu,ID,1513783956,-3.8,102.27,76.53,100,5.28,64
330,Lithgow,AU,1513782000,-33.48,150.15,71.6,94,2.15,76
331,Champerico,GT,1513782000,14.3,-91.92,84.2,58,4.16,0
332,Nisia Floresta,BR,1513782000,-6.09,-35.21,86.0,62,17.22,40
333,Atuona,PF,1513783938,-9.8,-139.03,79.5,100,11.65,0
334,Inuvik,CA,1513782420,68.35,-133.72,14.0,85,2.24,90
335,Thompson,CA,1513782000,55.74,-97.86,-25.61,74,4.7,75
336,Oussouye,SN,1513778400,12.48,-16.55,86.0,30,6.93,0
337,San Martin,CO,1513782000,3.7,-73.7,82.4,48,2.93,40
338,Lakatoro,VU,1513783959,-16.1,167.42,74.32,100,7.4,88
339,Tilichiki,RU,1513783854,60.47,166.1,-7.45,74,2.93,48
340,Monrovia,LR,1513782000,6.3,-10.8,86.0,74,14.99,75
341,Emmett,US,1513782900,43.87,-116.5,35.6,86,8.05,1
342,Ilulissat,GL,1513781400,69.22,-51.1,15.8,78,16.11,90
343,Coquimbo,CL,1513782000,-29.95,-71.34,62.6,77,6.93,90
344,Gazanjyk,TM,1513783960,39.24,55.52,28.15,86,3.38,24
345,Galesong,ID,1513783960,-5.32,119.37,73.47,100,9.64,92
346,Gilbues,BR,1513783961,-9.83,-45.34,90.25,48,4.38,0
347,Dzilam Gonzalez,MX,1513783961,21.28,-88.93,77.56,75,3.6,0
348,Calama,CL,1513782000,-22.47,-68.93,71.6,18,17.22,0
349,Ixtapa,MX,1513783917,20.7,-105.2,67.39,74,2.59,76
350,Manzhouli,CN,1513783962,49.6,117.43,7.36,64,10.2,8
351,Balezino,RU,1513783962,57.98,53.01,14.02,85,4.16,76
352,Cubuk,TR,1513781400,40.24,33.03,41.0,65,5.82,75
353,Liverpool,CA,1513783963,44.03,-64.72,40.3,100,18.81,0
354,Arani,BO,1513782000,-17.57,-65.77,75.2,38,3.36,20
355,Butaritari,KI,1513783852,3.07,172.79,83.82,97,18.7,0
356,Bonfim,BR,1513783964,3.08,-59.95,82.51,83,8.19,20
357,Bizhbulyak,RU,1513783965,53.7,54.26,-4.43,53,5.17,0
358,East London,ZA,1513782000,-33.02,27.91,71.6,73,12.75,20
359,Tank,PK,1513783965,32.22,70.38,45.84,88,1.59,0
360,Mackay,AU,1513778400,-21.15,149.2,78.8,69,10.29,40
361,Qinggang,CN,1513783965,46.68,126.08,6.37,71,13.67,36
362,The Valley,AI,1513782000,18.22,-63.06,82.4,61,13.87,20
363,Elko,US,1513781760,40.83,-115.76,30.2,74,10.29,90
364,Florianopolis,BR,1513782000,-27.6,-48.55,78.8,83,4.7,75
365,Svetlyy,RU,1513782000,54.67,20.13,33.8,100,4.47,75
366,Cuamba,MZ,1513783967,-14.8,36.54,78.82,72,4.38,36
367,College,US,1513781880,64.86,-147.8,28.4,92,4.7,75
368,Molteno,ZA,1513783967,-31.4,26.36,79.59,19,3.83,0
369,Alofi,NU,1513778400,-19.06,-169.92,75.2,100,3.36,76
370,Kalevala,RU,1513783968,65.2,31.17,34.77,99,6.96,88
371,Jacareacanga,BR,1513782000,-6.22,-57.75,89.6,66,3.36,75
372,Kenai,US,1513781760,60.55,-151.26,32.0,83,5.82,1
373,Kabanjahe,ID,1513778400,3.1,98.49,82.4,78,8.05,40
374,Tahta,EG,1513778400,26.77,31.5,77.0,44,13.87,0
375,Kremnica,SK,1513782000,48.71,18.92,28.4,79,4.7,0
376,Zonguldak,TR,1513783970,41.25,31.83,41.56,100,7.07,92
377,Port Hedland,AU,1513782000,-20.32,118.57,80.6,83,6.93,12
378,Bela,PK,1513783971,26.23,66.31,56.59,71,0.69,0
379,Calabar,NG,1513783971,4.95,8.32,83.37,87,7.07,32
380,Touros,BR,1513783875,-5.2,-35.46,80.35,86,13.56,64
381,Tessalit,ML,1513783840,20.2,1.01,66.04,40,12.44,0
382,Pevek,RU,1513783869,69.7,170.31,3.27,90,8.97,68
383,Saint George,BM,1513781700,32.38,-64.68,73.4,69,16.11,40
384,Wewak,PG,1513783972,-3.55,143.63,77.52,95,3.15,68
385,Dalbandin,PK,1513783973,28.89,64.41,49.44,73,6.06,0
386,Port Blair,IN,1513783973,11.67,92.75,79.9,100,21.72,0
387,Dillon,US,1513784100,34.42,-79.37,60.8,93,3.83,90
388,Kamaishi,JP,1513783974,39.27,141.88,28.06,94,7.18,64
389,Fukue,JP,1513783974,32.69,128.84,49.84,100,17.47,12
390,Arraial do Cabo,BR,1513782000,-22.97,-42.03,89.6,55,20.8,0
391,Mandera,KE,1513783975,3.94,41.87,83.77,28,8.3,0
392,Egvekinot,RU,1513783975,66.32,-179.17,9.3,78,3.15,68
393,Ponta do Sol,CV,1513783976,17.2,-25.09,74.5,100,16.46,12
394,Upernavik,GL,1513783976,72.79,-56.15,15.42,100,9.98,48
395,Koumac,NC,1513783977,-20.57,164.28,74.55,85,8.97,8
396,Ruidoso,US,1513782900,33.33,-105.67,39.2,41,4.7,1
397,Pathein,MM,1513783977,16.78,94.73,63.25,77,4.38,0
398,Iqaluit,CA,1513782000,63.75,-68.51,-5.81,76,3.36,75
399,Busselton,AU,1513783978,-33.65,115.33,65.86,100,19.6,0
400,Tafresh,IR,1513783779,34.69,50.01,47.64,57,5.17,32
401,Puerto del Rosario,ES,1513782000,28.5,-13.86,66.2,72,10.29,40
402,Aboisso,CI,1513783979,5.47,-3.21,84.04,83,6.51,24
403,Noumea,NC,1513782000,-22.28,166.46,66.2,82,2.24,0
404,Ayagoz,KZ,1513783979,47.97,80.44,17.22,83,2.93,92
405,Lashio,MM,1513783979,22.93,97.75,51.42,84,1.92,0
406,Saurimo,AO,1513782000,-9.66,20.39,78.8,61,4.38,40
407,Jinji,CN,1513783980,23.23,110.83,41.11,58,5.73,0
408,Nouadhibou,MR,1513782000,20.93,-17.03,73.4,27,17.22,0
409,Cape Town,ZA,1513782000,-33.93,18.42,69.8,60,20.8,0
410,Busayra,JO,1513783981,30.74,35.61,62.44,74,0.13,88
411,Saint-Pierre,PM,1513782000,46.77,-56.17,41.0,100,27.51,90
412,Mondlo,ZA,1513783982,-27.98,30.72,68.74,82,6.85,64
413,Cockburn Town,TC,1513783741,21.46,-71.14,78.91,100,14.9,44
414,Ushuaia,AR,1513782000,-54.8,-68.3,51.8,76,10.29,75
415,Oktyabrskoye,RU,1513783983,43.06,44.74,36.97,97,2.04,88
416,Tsiroanomandidy,MG,1513783983,-18.77,46.03,73.74,84,3.94,12
417,Save,BJ,1513783984,8.04,2.49,82.24,95,5.73,64
418,Yulara,AU,1513778400,-25.24,130.99,78.8,26,10.29,0
419,Presidencia Roque Saenz Pena,AR,1513783984,-26.79,-60.44,76.75,100,9.19,76
420,Cabo San Lucas,MX,1513780980,22.89,-109.91,64.4,82,3.36,75
421,Necochea,AR,1513783757,-38.55,-58.74,75.76,70,15.79,20
422,Mar del Plata,AR,1513782000,-38.0,-57.56,75.2,60,11.41,75
423,Talnakh,RU,1513783985,69.49,88.4,-7.76,77,3.38,44
424,Havre-Saint-Pierre,CA,1513782000,50.23,-63.6,23.0,92,6.93,90
425,Dharchula,IN,1513783985,29.85,80.53,32.34,77,1.59,80
426,Yuzhnyy,RU,1513782000,53.25,83.69,1.4,84,3.15,24
427,San Cristobal,EC,1513782000,-0.9,-89.62,71.6,88,9.17,90
428,Hobart,AU,1513782000,-42.88,147.33,55.4,47,12.75,75
429,Valledupar,CO,1513782000,10.46,-73.25,87.8,40,20.8,20
430,Montrose,US,1513781700,38.48,-107.88,32.0,54,4.7,1
431,Hilo,US,1513781760,19.73,-155.09,69.8,88,3.36,75
432,Ankazobe,MG,1513782000,-18.32,47.12,73.4,69,5.82,40
433,Kalmunai,LK,1513783887,7.42,81.82,74.55,98,4.61,92
434,Malartic,CA,1513782480,48.13,-78.13,8.6,84,5.82,90
435,New Norfolk,AU,1513782000,-42.78,147.06,55.4,47,12.75,75
436,Pihuamo,MX,1513780800,19.25,-103.38,75.2,53,2.15,20
437,Srednekolymsk,RU,1513783989,67.45,153.68,-24.86,37,7.18,80
438,Barrow,US,1513781580,71.29,-156.79,1.4,84,10.29,1
439,Warri,NG,1513783989,5.52,5.75,83.82,83,9.64,36
440,Ulladulla,AU,1513782000,-35.35,150.47,66.2,93,14.99,75
441,Beyneu,KZ,1513783990,45.32,55.2,6.33,74,5.84,0
442,Masaba,PH,1513782000,10.53,123.97,82.4,78,9.17,75
443,Vaini,TO,1513782000,-21.2,-175.2,68.0,88,11.43,20
444,Enumclaw,US,1513782060,47.2,-121.99,41.0,100,2.37,90
445,Dwarka,IN,1513783991,22.24,68.97,73.6,93,16.46,36
446,Abbeville,US,1513782900,29.97,-92.13,68.0,100,5.82,40
447,Yellowknife,CA,1513782000,62.46,-114.35,-5.81,76,8.05,90
448,Anadyr,RU,1513782000,64.75,177.48,5.0,84,8.95,90
449,Erbaa,TR,1513781400,40.67,36.57,46.4,87,20.8,90
450,La Rioja,AR,1513783992,-29.41,-66.85,87.01,54,4.94,0
451,Baghdad,IQ,1513782000,33.34,44.4,68.0,37,8.05,75
452,Alyangula,AU,1513783993,-13.85,136.42,85.89,97,9.86,0
453,Khatanga,RU,1513783712,71.97,102.5,-11.05,73,12.55,88
454,Axim,GH,1513783994,4.87,-2.24,81.97,98,12.1,0
455,Sept-Iles,CA,1513782000,50.2,-66.38,21.2,79,6.93,90
456,Erzin,RU,1513783994,50.26,95.16,-22.21,55,1.7,0
457,Challapata,BO,1513783995,-18.9,-66.77,43.95,98,2.71,88
458,Fafe,PT,1513782000,41.45,-8.17,59.0,54,4.7,20
459,Samarai,PG,1513783996,-10.62,150.67,80.35,100,7.4,68
460,Warrnambool,AU,1513783996,-38.38,142.48,61.5,88,10.2,88
461,Kalmar,SE,1513783200,56.66,16.36,39.2,93,8.05,90
462,Rauma,FI,1513783200,61.13,21.5,37.4,93,10.29,92
463,Hammerfest,NO,1513781400,70.66,23.68,41.0,86,29.97,75
464,Costa Rica,BR,1513783802,-23.42,-54.65,82.96,81,10.54,64
465,Rock Sound,BS,1513783997,24.9,-76.2,75.49,100,10.65,0
466,Bermeo,ES,1513782000,43.42,-2.72,53.6,57,6.93,20
467,San Juan,AR,1513783860,-31.54,-68.54,90.12,36,4.72,0
468,Nantucket,US,1513781760,41.28,-70.1,44.6,48,19.46,1
469,Provideniya,RU,1513783921,64.38,-173.3,31.3,100,19.71,88
470,Umarkot,PK,1513783999,25.36,69.74,66.22,68,7.4,44
471,Portland,AU,1513783999,-38.33,141.6,61.81,100,10.98,76
472,Truth or Consequences,US,1513781580,33.13,-107.25,35.6,64,3.36,1
473,Ossora,RU,1513783999,59.24,163.07,0.21,100,4.83,56
474,Tautira,PF,1513782000,-17.73,-149.15,77.0,83,2.24,68
475,Port Arthur,US,1513782900,29.9,-93.93,68.0,82,6.93,1
476,Oktyabrskiy,RU,1513784000,54.48,53.47,-1.1,79,6.4,0
477,Matagami,CA,1513782120,49.75,-77.63,5.0,77,12.75,90
478,Ignatovka,RU,1513784001,53.95,47.65,5.25,76,7.18,8
479,Latung,PH,1513784001,5.5,120.88,83.5,100,8.86,8
480,Chazuta,PE,1513782000,-6.57,-76.14,86.0,58,4.7,40
481,Port Hardy,CA,1513782000,50.7,-127.42,33.8,59,9.17,5
482,Marawi,SD,1513784002,18.48,31.82,88.59,21,4.61,0
483,Khandyga,RU,1513784002,62.67,135.6,-55.46,0,2.59,12
484,Mareeba,AU,1513782000,-17.0,145.43,73.4,88,8.19,20
485,Luderitz,NA,1513778400,-26.65,15.16,68.0,64,16.11,8
486,Mahanoro,MG,1513784003,-19.9,48.8,81.52,68,5.95,32
487,Tolaga Bay,NZ,1513784003,-38.37,178.3,59.7,69,26.75,88
488,Pathalgaon,IN,1513784004,22.57,83.47,51.69,84,0.13,8
489,Lamar,US,1513781580,38.09,-102.62,15.8,92,6.93,1
490,Achacachi,BO,1513784004,-16.05,-68.68,55.74,59,1.03,36
491,Makakilo City,US,1513781760,21.35,-158.09,69.8,73,10.29,1
492,Kruisfontein,ZA,1513783932,-34.0,24.73,71.17,62,12.77,0
493,Bluff,NZ,1513784005,-46.6,168.33,62.94,86,16.35,92
494,Ellensburg,US,1513781760,47.0,-120.55,28.4,86,4.72,1
495,Port Elizabeth,ZA,1513782000,-33.92,25.57,71.6,73,14.99,0
496,Severo-Kurilsk,RU,1513783924,50.68,156.12,24.42,100,19.6,64
497,Bundaberg,AU,1513784007,-24.85,152.35,76.84,100,9.98,8
498,Capaci,IT,1513781400,38.17,13.24,53.6,50,13.87,75
499,Hamilton,BM,1513781700,32.29,-64.78,73.4,69,16.11,40
500,Peravurani,IN,1513784007,10.3,79.18,78.15,86,15.23,44
501,Namibe,AO,1513784008,-15.2,12.15,73.06,98,8.97,36
502,Labuhan,ID,1513784008,-6.88,112.21,80.94,100,16.69,80
503,Kysyl-Syr,RU,1513783884,63.9,122.76,-32.11,54,5.61,68
504,Sunbury,AU,1513782000,-37.58,144.73,57.2,81,8.05,0
505,Klaksvik,FO,1513783200,62.23,-6.59,39.2,93,20.8,68
506,Qandala,SO,1513784010,11.47,49.87,68.02,80,5.73,76
507,Victoria,SC,1513782000,-4.62,55.45,78.8,94,2.24,75
508,Zhuhai,CN,1513782000,22.28,113.57,60.8,25,11.41,0
509,Yumen,CN,1513784011,40.28,97.2,12.49,82,10.2,44
510,Dutlwe,BW,1513783912,-23.98,23.9,78.78,66,8.52,64
511,Mayumba,GA,1513783847,-3.43,10.66,80.58,91,8.52,32
512,La Sierra,CO,1513784011,2.18,-76.76,65.55,83,2.71,24
513,Ferkessedougou,CI,1513784012,9.6,-5.2,90.52,29,8.97,0
514,Sabang,ID,1513784012,5.89,95.32,82.51,100,17.47,88
515,Uarini,BR,1513782000,-2.99,-65.11,82.4,94,4.7,40
516,Mangrol,IN,1513783894,21.12,70.12,75.85,60,3.6,48
517,Togur,RU,1513784013,58.36,82.83,8.44,81,6.17,80
518,Robertsport,LR,1513784013,6.75,-11.37,82.6,100,8.41,0
519,Ilkal,IN,1513784014,15.97,76.13,68.47,50,7.74,0
520,Kalangala,UG,1513782000,-0.31,32.23,78.8,69,11.41,20
521,Uyemskiy,RU,1513782000,64.47,40.85,28.4,100,8.95,90
522,Lachi,PK,1513784015,33.38,71.34,45.48,86,2.37,0
523,Hami,CN,1513783831,42.8,93.45,8.4,62,2.93,0
524,Ponta Delgada,PT,1513782000,37.73,-25.67,66.2,68,14.99,20
525,Tahe,CN,1513784015,52.33,124.73,-1.01,74,5.84,0
526,Vero Beach,US,1513782000,27.64,-80.4,75.2,88,8.05,1
527,Chokurdakh,RU,1513784016,70.63,147.92,-11.9,76,13.22,64
528,Willmar,US,1513782900,45.12,-95.04,24.8,67,10.29,75
529,Marienburg,SR,1513782000,5.85,-55.02,86.0,83,4.7,40
530,Agirish,RU,1513784017,61.92,63.02,11.1,84,5.61,0
531,Torres,BR,1513783817,-29.34,-49.73,73.02,95,7.52,92
532,Manaus,BR,1513782000,-3.1,-60.03,84.2,70,6.93,40
533,Devils Lake,US,1513783380,48.11,-98.87,6.8,77,16.11,90
534,Bandarbeyla,SO,1513783868,9.49,50.81,77.29,100,31.12,0
535,Cortez,US,1513781580,37.35,-108.59,17.6,67,5.82,1
536,Gouyave,GD,1513783800,12.16,-61.73,84.2,74,17.22,40
537,Kenitra,MA,1513782000,34.26,-6.58,64.4,36,9.17,0
538,Balikpapan,ID,1513780200,-1.27,116.83,84.2,79,3.36,20
539,Cap Malheureux,MU,1513782000,-19.98,57.61,80.6,69,5.82,40
540,Salihli,TR,1513784020,38.48,28.15,37.06,93,1.92,0
541,Tripoli,LY,1513778400,32.88,13.19,59.0,87,4.7,75
542,Caravelas,BR,1513783847,-17.71,-39.25,78.87,100,6.4,0
543,Ortakoy,TR,1513781400,38.74,34.04,46.4,87,3.36,75
544,Castro,CL,1513784021,-42.47,-73.77,57.04,77,9.98,64
545,Mishelevka,RU,1513784021,52.86,103.17,0.3,61,1.92,0
546,Ayan,RU,1513784022,56.45,138.17,-10.55,100,4.83,20
547,Port Lincoln,AU,1513783905,-34.73,135.87,57.85,100,4.61,0
548,Lafia,NG,1513784022,8.48,8.52,96.19,32,4.94,24
549,Champasak,LA,1513784023,14.88,105.87,65.32,62,14.0,0
550,Dunnville,CA,1513782000,42.9,-79.62,33.8,58,12.75,75
551,Maues,BR,1513784023,-3.38,-57.72,85.08,74,6.96,24
552,La Paz,MX,1513780800,24.17,-110.3,62.6,72,8.05,40
553,Vila Velha,BR,1513782000,-20.33,-40.29,86.0,58,11.41,20
554,Bom Jardim,BR,1513778400,-7.8,-35.59,82.4,58,13.87,40
555,Finspang,SE,1513783200,58.71,15.77,41.0,93,10.29,90
556,Vardo,NO,1513781400,70.37,31.11,35.6,69,18.34,20
557,Portsmouth,US,1513781940,36.84,-76.3,57.2,62,11.41,90
558,Mehamn,NO,1513783200,71.04,27.85,37.4,100,24.16,40
559,Balyaga,RU,1513784026,51.15,108.92,6.55,57,4.72,0
560,Sakaraha,MG,1513784026,-22.9,44.53,77.79,75,9.98,0
561,Port Alfred,ZA,1513783823,-33.59,26.89,72.93,78,9.42,0
562,Golega,PT,1513782000,39.4,-8.49,60.8,36,5.82,0
563,Ilhabela,BR,1513784027,-23.78,-45.36,76.35,100,6.62,56
564,Beloha,MG,1513784028,-25.17,45.05,79.27,57,11.43,20
565,Chuguyevka,RU,1513784028,44.17,133.86,-7.81,46,5.95,0
566,Knyaze-Volkonskoye,RU,1513782000,48.46,135.46,-2.21,58,8.95,0
567,Darnah,LY,1513784029,32.77,22.64,64.83,100,16.8,92
568,Laguna,BR,1513784029,-28.48,-48.78,75.94,91,12.44,48
569,Praxedis Guerrero,MX,1513781880,31.37,-106.02,42.8,93,3.15,1
570,Kieta,PG,1513784030,-6.22,155.63,79.45,99,4.38,48
571,Harer,ET,1513784030,9.31,42.13,63.75,43,4.16,0
572,Sorland,NO,1513783200,67.67,12.69,42.8,75,24.16,40
573,Buraydah,SA,1513782000,26.33,43.98,69.8,37,5.82,0
574,Katsuura,JP,1513782000,35.13,140.3,41.0,60,9.17,20
575,Kanbe,MM,1513780200,16.71,96.0,71.6,68,4.7,0
576,Muisne,EC,1513783820,0.6,-80.03,73.74,100,3.94,88
577,Portree,GB,1513784032,57.41,-6.19,47.59,99,17.47,92
578,Arinos,BR,1513784032,-15.92,-46.11,86.43,57,7.63,12
579,Fairbanks,US,1513781880,64.84,-147.72,28.4,92,4.7,75
580,Flinders,AU,1513782000,-34.58,150.86,66.2,93,14.99,75
581,Magistralnyy,RU,1513784034,56.17,107.45,13.57,76,4.16,88
582,Eureka,US,1513781700,40.8,-124.16,42.8,87,9.17,90
583,Lorengau,PG,1513784034,-2.02,147.27,84.49,97,10.76,32
584,Half Moon Bay,US,1513781760,37.46,-122.43,48.2,75,6.93,75
585,Pagudpud,PH,1513782000,18.56,120.79,77.0,69,11.41,40
586,Kodiak,US,1513781580,57.79,-152.41,24.8,85,4.7,1
587,Camopi,GF,1513784035,3.17,-52.32,75.04,95,2.93,80
588,Makrana,IN,1513784035,27.05,74.72,64.65,40,6.4,80
589,Bandarban,BD,1513782000,22.2,92.23,71.6,88,3.36,76
590,San Pedro,AR,1513782000,-24.23,-64.87,84.2,54,4.7,20
591,Hermanus,ZA,1513783866,-34.42,19.23,86.7,26,6.4,0
592,Mount Gambier,AU,1513783867,-37.83,140.77,59.74,73,3.49,68
